cpu_usage,memory_usage,disk_usage,hour,minute,is_weekend,cpu_roll_mean_5,cpu_roll_std_5,cpu_roll_30min
4.9,28.3,39.5,15,50,False,,,4.9
3.0,28.5,39.5,15,51,False,,,3.95
5.8,28.4,39.5,15,52,False,,,4.566666666666666
30.7,30.3,39.5,15,53,False,,,11.1
5.8,27.7,39.5,15,54,False,10.04,11.605731342746136,10.04
36.3,28.5,39.5,15,55,False,16.32,15.848880086618108,14.416666666666666
5.4,27.4,39.5,15,56,False,16.8,15.373841419762336,13.128571428571428
2.0,27.7,39.5,15,57,False,16.04,16.128949128818032,11.737499999999999
1.8,27.9,39.5,15,58,False,10.26,14.674740202129643,10.633333333333333
3.3,28.1,39.5,15,59,False,9.76,14.905468795042978,9.9
2.0,28.1,39.5,16,0,False,2.9,1.5198684153570539,9.181818181818182
2.3,28.1,39.5,16,1,False,2.28,0.5974947698515541,8.608333333333333
2.2,28.1,39.5,16,2,False,2.32,0.5805170109479666,8.115384615384615
2.0,28.1,39.5,16,3,False,2.36,0.541294744108939,7.678571428571429
3.0,28.2,39.5,16,4,False,2.3,0.41231056256171966,7.366666666666666
2.5,27.9,39.5,16,5,False,2.4,0.3807886552931452,7.0625
1.3,27.9,39.5,16,6,False,2.2,0.6284902544987963,6.723529411764706
3.8,27.4,39.5,16,7,False,2.52,0.9523654760647101,6.561111111111111
1.3,27.7,39.5,16,8,False,2.38,1.0894952959971702,6.284210526315789
14.4,33.8,39.5,16,9,False,4.66,5.541931071386577,6.6899999999999995
3.0,28.0,39.5,16,10,False,4.76,5.497544906592394,6.514285714285713
2.5,28.3,39.5,16,11,False,5.0,5.332447843157959,6.331818181818181
0.8,28.4,39.5,16,11,False,4.4,5.659946996218248,6.091304347826087
4.5,28.5,39.5,16,12,False,5.040000000000001,5.396572986627715,6.0249999999999995
20.0,30.5,39.5,16,13,False,6.16,7.848757863509357,6.584
26.2,31.4,39.5,16,14,False,10.8,11.514990230130461,7.338461538461538
1.0,28.4,39.5,16,15,False,10.5,11.801271117977079,7.103703703703703
0.8,29.0,39.5,16,16,False,10.5,11.801271117977079,6.878571428571428
1.7,20.2,39.5,16,17,False,9.940000000000001,12.21630058569287,6.699999999999999
1.7,19.3,39.5,16,25,False,6.279999999999999,11.143024724014568,4.5625
1.5,19.4,39.5,16,33,False,1.34,0.4159326868616137,5.294117647058823
0.3,19.9,39.5,16,34,False,1.2,0.6244997998397761,5.135294117647058
2.0,19.8,39.5,16,35,False,1.44,0.6618156843109128,5.105882352941177
0.8,20.0,39.5,16,36,False,1.26,0.6949820141557052,4.866666666666667
0.5,19.2,39.5,16,37,False,1.02,0.7120393247566593,4.882352941176471
2.0,19.1,39.5,16,38,False,1.1199999999999999,0.8228000972289198,4.923529411764706
4.3,19.1,39.5,16,39,False,1.92,1.495660389259515,4.329411764705882
1.8,19.2,39.5,16,40,False,1.8800000000000001,1.4956603892595148,4.258823529411764
2.8,19.4,39.5,16,41,False,2.28,1.3989281611290574,4.276470588235293
6.8,19.4,39.5,16,42,False,3.54,2.0707486568871496,4.6375
2.7,19.5,39.5,16,43,False,3.6799999999999997,1.9613770672667543,3.55625
9.5,19.6,39.5,16,44,False,4.720000000000001,3.2965133095438794,2.5125
4.5,24.4,39.5,16,45,False,5.26,2.895341085260931,2.73125
14.6,26.8,39.5,16,46,False,7.62,4.660150212171273,3.59375
4.3,27.0,39.5,16,47,False,7.12,4.8981629209327,3.75625
13.2,28.0,39.5,16,48,False,9.219999999999999,4.778807382600807,4.311764705882353
10.5,30.2,39.5,16,49,False,9.419999999999998,4.81424968193383,4.655555555555555
6.1,29.6,39.5,16,50,False,9.739999999999998,4.444434722211586,4.731578947368421
32.1,30.0,39.5,16,51,False,13.239999999999998,11.114315093607884,6.1
23.7,29.9,39.5,16,52,False,17.119999999999997,10.58687867126095,6.938095238095237
3.5,28.9,39.5,16,53,False,15.179999999999998,12.243855601892731,6.781818181818181
4.3,46.2,39.5,16,54,False,13.939999999999998,13.11899386386014,6.673913043478261
3.0,43.7,39.5,16,56,False,13.319999999999999,13.644852509279827,6.730434782608696
3.3,43.5,39.5,16,57,False,7.56,9.035374923045525,6.587500000000001
5.5,43.7,39.5,16,58,False,3.9200000000000004,1.0059821071966963,6.5440000000000005
11.5,43.7,39.5,16,59,False,5.5200000000000005,3.4831020656879863,6.734615384615386
11.7,43.7,39.5,17,0,False,7.0,4.309292285283041,6.9185185185185185
3.3,43.9,39.5,17,1,False,7.06,4.2412262377760435,6.7892857142857155
3.3,45.2,39.5,17,2,False,7.06,4.2412262377760435,6.6689655172413795
1.3,45.1,39.5,17,3,False,6.220000000000001,4.9791565550803805,6.49
6.5,45.6,39.5,17,4,False,5.220000000000001,4.073327877792298,6.875862068965517
2.3,44.0,39.5,17,5,False,3.34,1.951409746824047,6.886206896551724
2.3,44.0,39.5,17,6,False,3.1399999999999997,2.0069877926883084,6.937931034482758
3.5,44.4,39.5,17,7,False,3.1799999999999997,2.0129580224137533,7.041379310344827
11.0,50.8,39.5,17,8,False,5.119999999999999,3.7083689136869746,7.3517241379310345
15.5,44.8,39.5,17,9,False,6.919999999999999,6.013484846576063,7.623333333333333
3.3,50.8,39.5,17,10,False,7.12,5.8354091544638,7.789655172413792
23.6,46.0,39.5,17,11,False,11.379999999999999,8.570705921917982,8.506896551724138
7.8,46.5,39.5,17,12,False,12.239999999999998,7.759703602586891,8.541379310344826
15.0,46.3,39.5,17,13,False,13.040000000000001,7.805959261999769,8.96551724137931
15.3,44.6,39.5,17,14,False,13.0,7.790699583477724,9.16551724137931
1.8,50.2,39.5,17,24,False,12.7,8.271638289964086,7.540000000000001
2.3,48.8,39.5,17,25,False,8.440000000000001,6.56300236172439,7.29047619047619
5.7,48.6,39.5,17,26,False,8.02,6.680344302504169,7.419047619047619
8.8,48.5,39.5,17,27,False,6.780000000000001,5.5386821537257305,7.68095238095238
3.8,48.5,39.5,17,28,False,4.48,2.8525427253592315,7.504545454545454
4.3,48.5,39.5,17,29,False,4.9799999999999995,2.457030728338552,7.257142857142856
32.8,53.3,39.5,17,30,False,11.08,12.297032162273949,8.261904761904763
33.3,50.8,39.5,17,31,False,16.6,15.143480445392992,9.69047619047619
7.0,48.9,39.5,17,32,False,16.24,15.394576967231023,9.866666666666665
21.6,49.0,39.5,17,33,False,19.8,13.771165528015413,10.833333333333334
19.2,55.4,39.5,17,34,False,22.779999999999998,10.889077095879156,11.438095238095238
2.8,49.2,39.5,17,35,False,16.779999999999998,12.176699060090137,11.461904761904762
4.3,49.5,39.5,17,36,False,10.98,8.77108887197023,11.557142857142857
3.0,49.9,39.5,17,37,False,10.18,9.38573385516551,11.168181818181818
5.8,49.3,39.5,17,38,False,7.0200000000000005,6.913899044678046,11.285714285714286
29.8,52.7,39.5,17,39,False,9.14,11.611545978034107,11.966666666666667
4.8,49.5,39.5,17,40,False,9.540000000000001,11.37048811617162,12.038095238095238
4.0,49.4,39.5,17,41,False,9.48,11.405788004342359,11.104761904761904
26.7,49.5,39.5,17,42,False,14.219999999999999,12.870198133673002,12.004761904761907
5.8,49.4,39.5,17,43,False,14.219999999999999,12.870198133673002,11.566666666666666
17.0,50.7,39.5,17,44,False,11.66,9.934686708698973,11.647619047619047
11.3,49.4,39.5,17,45,False,12.959999999999999,9.211568813182694,11.631818181818183
20.9,49.9,39.5,17,46,False,16.34,8.140208842529779,12.034782608695652
11.7,50.6,39.5,17,47,False,13.339999999999998,5.793358266152716,12.020833333333334
10.2,50.8,39.5,17,48,False,14.219999999999999,4.565851508754967,11.948
21.2,50.6,39.5,17,49,False,15.059999999999999,5.49663533445689,12.303846153846154
25.2,52.4,39.5,17,50,False,17.84,6.536283347591352,12.781481481481482
2.8,53.0,39.5,17,51,False,14.219999999999999,8.975076601344414,12.424999999999999
13.5,52.6,39.5,17,52,False,14.580000000000002,8.884368294932397,12.46206896551724
26.3,55.9,39.5,17,53,False,17.8,9.773177579477414,12.923333333333334
13.8,49.7,39.5,17,54,False,16.32,9.689530432379064,13.323333333333332
2.7,48.8,39.5,17,55,False,11.820000000000002,9.758944615069806,12.980645161290322
6.3,51.3,39.5,17,56,False,12.52,9.049972375648446,13.356666666666666
2.5,49.7,39.5,17,57,False,10.32,10.035536856591179,13.146666666666667
3.3,49.1,39.5,17,58,False,5.720000000000001,4.768857305476848,13.13
7.5,48.2,39.5,17,59,False,4.46,2.286482013924424,13.236666666666668
32.8,50.6,39.5,18,0,False,10.48,12.646817781560701,13.236666666666668
3.3,49.4,39.5,18,1,False,9.879999999999999,12.961944298599649,12.236666666666666
2.8,49.6,39.5,18,2,False,9.94,12.919868420382613,12.096666666666666
1.8,49.2,39.5,18,3,False,9.639999999999999,13.12832814946366,11.436666666666667
3.0,49.2,39.5,18,4,False,8.739999999999998,13.461723515211563,10.896666666666667
3.5,49.4,39.5,18,5,False,2.88,0.6610597552414814,10.92
9.5,43.0,39.5,18,6,False,4.119999999999999,3.070342000494399,11.093333333333334
8.2,38.3,39.5,18,7,False,5.199999999999999,3.4197953155123133,11.266666666666667
34.3,38.2,39.5,18,8,False,11.7,12.949710421472753,12.216666666666667
18.8,48.3,39.5,18,9,False,14.86,12.20217193781501,11.85
12.1,47.2,39.5,18,10,False,16.580000000000002,10.716202685653167,12.093333333333332
22.2,48.2,39.5,18,11,False,19.119999999999997,10.106285173098977,12.699999999999998
43.4,47.0,39.5,18,12,False,26.160000000000004,12.559976114626984,13.256666666666666
2.3,19.2,39.5,18,13,False,19.759999999999998,15.241817476928405,13.139999999999999
1.3,19.0,39.5,18,14,False,16.259999999999998,17.37708260899971,12.75806451612903
1.8,19.1,39.5,18,15,False,14.2,18.563539533181707,12.3
38.6,28.0,39.5,18,16,False,17.48,21.540589592673644,12.889999999999999
2.3,19.3,39.5,18,17,False,9.26,16.40679737182123,12.576666666666666
1.5,15.3,39.5,19,30,False,9.1,16.495302361581615,1.5
26.7,17.0,39.5,19,31,False,14.180000000000001,17.38007479845815,14.1
33.3,35.1,39.5,19,32,False,20.48,17.479473676286712,20.5
8.9,35.2,39.5,19,33,False,14.540000000000001,14.589996572994801,17.6
12.9,32.5,39.5,19,34,False,16.66,13.05633945637138,16.66
10.4,32.6,39.5,19,35,False,18.44,10.901742979909226,15.616666666666667
17.0,41.5,39.5,19,36,False,16.5,9.879524280045072,15.814285714285715
2.3,41.3,39.5,19,37,False,10.3,5.422637734534741,14.125
33.5,42.6,39.5,19,38,False,15.219999999999999,11.541966903435483,16.27777777777778
11.0,41.8,39.5,19,39,False,14.839999999999998,11.668033253295095,15.75
13.6,42.1,39.5,19,40,False,15.479999999999999,11.449323124097779,15.554545454545455
16.0,41.0,39.5,19,41,False,15.280000000000001,11.42484135557252,15.591666666666667
9.4,41.4,39.5,19,42,False,16.7,9.722653958667877,15.115384615384615
19.0,42.0,39.5,19,43,False,13.8,3.8444765573482353,15.392857142857142
9.7,41.6,39.5,19,44,False,13.540000000000001,4.1155801535142205,15.013333333333332
2.8,41.4,39.5,19,45,False,11.379999999999999,6.319968354351162,14.25
37.2,43.7,39.5,19,46,False,15.62,13.37168650544875,15.6
10.0,42.8,39.5,19,47,False,15.739999999999998,13.304435350664086,15.288888888888888
10.3,42.7,39.5,19,48,False,14.0,13.340352319185584,15.026315789473685
7.9,43.2,39.5,19,49,False,13.64,13.50862687322439,14.669999999999998
13.1,43.8,39.5,19,50,False,15.7,12.160386507015316,14.595238095238095
5.8,44.8,40.6,19,51,False,9.42,2.741714791877541,14.195454545454545
9.3,27.4,40.8,19,52,False,9.280000000000001,2.7224988521577203,13.982608695652175
23.4,28.1,40.8,19,53,False,11.9,6.958088818059174,14.375
12.7,27.9,40.8,19,54,False,12.86,6.589613038714803,14.308
1.8,28.1,40.8,19,55,False,10.6,8.222225975975125,13.826923076923077
98.3,34.5,41.7,19,56,False,29.1,39.45700191347539,16.955555555555556
29.6,31.0,42.2,19,57,False,33.16,37.924965392205706,17.407142857142855
32.2,31.6,43.4,19,58,False,34.92,37.56124332340451,17.917241379310347
28.4,30.1,43.7,19,59,False,38.059999999999995,35.85691007323415,18.266666666666666
27.6,30.6,43.7,20,0,False,43.22,30.83977950634538,18.567741935483873
2.3,29.6,44.0,20,1,False,24.02,12.265887656423407,18.32333333333333
25.9,30.4,44.1,20,2,False,23.279999999999998,11.952698440101301,18.56774193548387
43.1,31.2,44.1,20,3,False,25.46,14.67116218981987,19.216666666666665
22.4,30.7,42.8,20,4,False,24.259999999999998,14.615847563518173,19.533333333333335
6.8,29.1,42.8,20,5,False,20.1,16.291562233254364,19.413333333333334
9.9,29.7,42.8,20,6,False,21.619999999999997,14.46813740603814,19.176666666666666
5.2,29.0,42.8,20,7,False,17.479999999999997,15.834361370134253,19.273333333333333
1.5,30.1,42.8,20,8,False,9.159999999999997,7.9964367064336574,18.206666666666667
3.0,16.6,42.0,20,10,False,5.279999999999997,3.284356862461727,17.94
2.8,22.3,42.1,20,11,False,4.479999999999997,3.3086250920887688,17.63448275862069
8.4,23.8,42.1,20,12,False,4.179999999999997,2.7077666073720983,17.599999999999998
3.8,23.5,42.1,20,13,False,3.8999999999999972,2.6476404589746307,17.075862068965517
3.0,23.9,42.1,20,14,False,4.1999999999999975,2.3790754506739384,16.844827586206897
2.3,23.6,42.1,20,15,False,4.059999999999997,2.4855582873872413,16.82758620689655
1.3,23.5,42.1,20,16,False,3.759999999999997,2.7519084287089544,15.589655172413794
1.5,23.6,42.1,20,17,False,2.3799999999999972,1.0425929215179506,15.296551724137931
0.8,23.5,42.1,20,18,False,1.7799999999999971,0.870057469365854,14.813333333333334
46.9,26.3,42.1,20,19,False,10.559999999999997,20.32186015107868,16.313793103448276
23.3,24.3,42.1,20,20,False,14.759999999999996,20.357995972099015,16.665517241379312
7.6,27.6,42.1,20,21,False,16.02,19.49325524380163,16.72758620689655
10.4,27.5,42.1,20,22,False,17.799999999999997,18.199313173853565,16.76551724137931
13.6,27.6,42.1,20,23,False,20.359999999999996,15.974448347282605,16.42758620689655
16.2,28.6,42.1,20,24,False,14.219999999999999,6.024284189843615,16.548275862068966
5.6,29.7,42.1,20,25,False,10.679999999999998,4.311844153027751,16.679310344827584
65.1,29.7,42.1,20,26,False,22.179999999999996,24.316496458166004,15.53448275862069
7.6,28.0,42.1,20,27,False,21.619999999999994,24.68505620815962,14.775862068965518
1.5,27.7,42.1,20,28,False,19.199999999999996,26.213641486828948,13.717241379310343
6.8,27.6,42.1,20,29,False,17.319999999999997,26.812814100724296,12.972413793103447
1.5,28.2,42.1,20,30,False,16.499999999999996,27.318766443600627,12.072413793103447
13.1,25.5,42.1,20,31,False,6.099999999999997,4.849226742481678,12.444827586206898
11.1,26.8,42.1,20,32,False,6.799999999999997,5.346961754117893,11.934482758620689
1.8,18.4,42.1,20,33,False,6.859999999999997,5.2738031817654605,10.510344827586207
40.2,23.2,42.1,20,34,False,13.539999999999997,15.80895315952324,11.12413793103448
10.6,25.6,42.1,20,35,False,15.359999999999996,14.550017182120435,11.255172413793103
1.8,16.5,42.1,14,21,False,13.099999999999998,15.811704525445693,1.8
1.0,17.6,42.1,14,22,False,11.079999999999997,16.748492469473177,1.4
4.0,17.4,42.1,14,23,False,11.519999999999998,16.47033697287338,2.2666666666666666
1.3,17.1,42.1,14,24,False,3.739999999999997,4.010984916451256,2.025
5.8,17.4,42.1,14,25,False,2.7799999999999967,2.0571825392996748,2.78
1.8,17.1,42.1,14,26,False,2.7799999999999967,2.0571825392996748,2.6166666666666667
2.5,17.3,42.1,14,27,False,3.079999999999997,1.8294808006643488,2.6
2.0,17.3,42.1,14,28,False,2.679999999999997,1.796385259347074,2.525
4.3,17.3,42.1,14,29,False,3.2799999999999967,1.7195929750959886,2.7222222222222223
2.8,17.3,42.1,14,30,False,2.679999999999997,0.9884331034518493,2.7299999999999995
2.8,17.4,42.1,14,31,False,2.879999999999997,0.8584870412530761,2.7363636363636363
4.8,23.1,42.1,14,32,False,3.339999999999997,1.1653325705563524,2.908333333333333
10.3,21.8,42.1,14,33,False,4.999999999999997,3.094349689353085,3.476923076923077
6.7,23.4,42.1,14,34,False,5.479999999999997,3.14436003027636,3.707142857142857
12.5,22.4,42.1,14,35,False,7.419999999999997,3.9632057731083834,4.293333333333334
2.3,17.9,42.1,14,36,False,7.319999999999996,4.112420211991914,4.16875
73.0,22.0,42.1,14,37,False,20.959999999999997,29.346686354680664,8.217647058823529
2.0,25.3,42.1,14,38,False,19.299999999999997,30.31905341530306,7.872222222222222
9.8,26.3,42.2,14,39,False,19.919999999999995,30.02727093826544,7.973684210526316
18.0,48.2,42.2,14,40,False,21.019999999999996,29.787279164099566,8.475
24.1,47.4,42.2,14,41,False,25.38,27.897705998880987,9.219047619047618
4.0,44.5,42.2,14,42,False,11.579999999999998,9.359059781837049,8.981818181818182
7.2,42.9,42.2,14,43,False,12.619999999999997,8.251787685101924,8.904347826086957
5.6,43.6,42.2,14,44,False,11.779999999999998,8.805793547432266,8.766666666666667
11.0,44.8,42.2,14,45,False,10.379999999999999,8.097653981246646,8.856
2.3,44.4,42.2,14,46,False,6.019999999999998,3.3274614948935834,8.603846153846154
2.5,45.0,42.2,14,47,False,5.719999999999997,3.6106786065779137,8.377777777777778
3.8,47.9,42.2,14,48,False,5.039999999999997,3.582317685521399,8.214285714285714
18.1,45.9,42.2,14,49,False,7.539999999999997,6.8980432007924914,8.555172413793104
8.2,50.1,42.6,14,50,False,6.979999999999999,6.656350351356176,8.543333333333333
6.4,59.4,42.6,14,51,False,7.799999999999999,6.170494307589913,8.474193548387097
4.5,57.0,42.6,14,52,False,8.2,5.794393842327215,8.561290322580644
11.8,59.0,42.6,14,53,False,9.799999999999997,5.364233402826504,9.073333333333332
11.4,59.2,42.6,14,54,False,8.459999999999997,3.1540450218726357,9.41
2.8,59.3,42.6,14,55,False,7.379999999999997,4.059802950883147,9.31
17.1,59.5,42.6,14,56,False,9.519999999999998,5.842687737676865,9.82
1.5,60.5,42.6,14,57,False,8.919999999999998,6.592950780947753,9.786666666666667
7.1,65.7,42.6,14,58,False,7.979999999999999,6.412253893912775,9.956666666666669
14.8,68.6,42.6,14,59,False,8.659999999999998,7.017335676736547,10.306666666666667
3.0,63.2,42.6,15,0,False,8.7,6.976030389842032,10.313333333333333
5.6,63.3,42.6,15,1,False,6.399999999999997,5.178320190949907,10.161290322580646
12.5,47.6,42.6,15,2,False,8.599999999999998,4.90560903456437,10.663333333333334
4.6,47.0,42.6,15,3,False,8.099999999999998,5.214403129793433,10.473333333333334
30.5,50.8,42.6,15,4,False,11.239999999999998,11.361469975315678,11.26666666666667
35.3,49.3,42.6,15,5,False,17.699999999999996,14.30611757256314,12.026666666666667
6.0,48.1,42.6,15,6,False,17.779999999999994,14.222411891096387,12.15
13.8,48.4,42.6,15,7,False,18.039999999999996,14.11322075218835,10.176666666666668
16.0,49.8,42.6,15,8,False,20.319999999999997,12.188806340245135,10.643333333333334
17.6,52.8,42.6,15,9,False,17.74,10.779053761810443,10.867741935483872
7.6,51.9,42.6,15,10,False,12.199999999999998,5.141984052872941,10.556666666666667
8.4,52.0,42.6,15,11,False,12.679999999999998,4.489097904924736,10.033333333333333
17.7,52.3,42.6,15,12,False,13.459999999999997,5.03765818610192,10.49
1.5,52.7,42.6,15,13,False,10.559999999999999,7.000928509847786,10.3
2.0,52.7,42.6,15,14,False,7.439999999999998,6.540107032763255,10.180000000000001
4.6,53.8,42.6,15,15,False,6.839999999999998,6.658303087123578,9.966666666666667
17.6,54.0,42.6,15,16,False,8.679999999999998,8.272665833937658,10.476666666666667
21.2,53.6,42.6,15,17,False,9.379999999999999,9.30977980405549,11.1
4.0,53.0,42.6,15,18,False,9.879999999999999,8.83583612342372,11.106666666666666
19.9,51.7,42.6,15,19,False,13.459999999999997,8.463332676906875,11.166666666666666
12.7,52.2,42.6,15,20,False,15.079999999999995,6.990493544807817,11.316666666666666
4.8,52.1,42.6,15,21,False,12.519999999999996,8.093639478009855,11.263333333333334
13.0,53.0,42.6,15,22,False,10.879999999999995,6.585362556458039,11.546666666666669
6.8,53.0,42.6,15,23,False,11.439999999999996,5.9416327722268045,11.38
3.7,52.8,42.6,15,24,False,8.199999999999998,4.389191269470884,11.123333333333333
2.5,52.6,42.6,15,25,False,6.1599999999999975,4.137994683418446,11.113333333333335
3.8,52.4,42.6,15,26,False,5.959999999999997,4.2429942257796345,10.877419354838711
14.1,52.5,42.6,15,27,False,6.179999999999997,4.7028714632657485,11.09
5.8,52.7,42.6,15,28,False,5.979999999999997,4.6911619029830245,11.046666666666665
10.2,52.7,42.6,15,29,False,7.279999999999997,4.800729111291261,10.893333333333334
4.6,52.7,42.6,15,30,False,7.6999999999999975,4.348562981031711,10.946666666666667
24.3,54.0,42.7,15,31,False,11.799999999999997,7.936308965759813,11.57
16.1,54.3,42.7,15,32,False,12.199999999999998,8.129268109737778,11.69
6.1,53.7,42.7,15,33,False,12.259999999999998,8.071121359513784,11.74
9.4,53.8,42.7,15,34,False,12.099999999999998,8.12988314799171,11.036666666666665
8.4,54.0,42.7,15,35,False,12.859999999999996,7.398175450744571,10.951612903225806
8.1,54.2,42.7,15,36,False,9.619999999999997,3.81536367860254,10.21
10.6,54.5,42.7,15,37,False,8.519999999999998,1.6694310408038597,10.103333333333333
22.4,56.2,42.7,15,38,False,11.779999999999998,6.016809785924729,10.316666666666666
25.3,55.0,42.7,15,39,False,14.959999999999997,8.23668622687545,10.573333333333332
3.3,55.2,42.7,15,40,False,13.939999999999994,9.474861476559944,10.430000000000001
3.0,54.6,42.7,15,41,False,12.919999999999996,10.481746037755334,10.25
18.7,54.8,42.7,15,42,False,14.539999999999997,10.65800168887206,10.283333333333333
3.0,54.1,42.7,15,43,False,10.659999999999997,10.612398409407723,10.048387096774194
7.0,54.3,42.7,15,44,False,6.999999999999997,6.756108347266156,10.5
3.0,54.0,42.7,15,45,False,6.939999999999998,6.798382160484906,10.446666666666665
25.2,54.3,42.7,15,46,False,11.379999999999997,10.052462384908466,10.7
14.5,53.0,42.7,15,47,False,10.539999999999997,9.444998676548321,10.476666666666667
11.2,52.3,42.7,15,48,False,12.179999999999998,8.470064934816003,10.716666666666667
5.1,53.5,42.7,15,49,False,11.799999999999997,8.796874444937794,10.223333333333333
13.0,52.6,42.7,15,50,False,13.799999999999997,7.306503951959493,10.233333333333333
19.2,53.7,42.7,15,51,False,12.599999999999998,5.136633138545095,10.52258064516129
18.8,54.3,42.7,15,52,False,13.459999999999997,5.845340024327042,10.906666666666666
24.4,53.6,42.7,15,53,False,16.099999999999998,7.3552702193733,11.493333333333332
7.5,53.1,42.7,15,54,False,16.58,6.484751344500401,11.62
7.6,53.6,42.7,15,55,False,15.499999999999996,7.5861716300120525,11.79
15.7,54.2,42.7,15,56,False,14.799999999999997,7.316078184382648,12.186666666666666
3.3,55.9,42.7,15,57,False,11.699999999999998,8.400892809695861,11.826666666666666
10.8,55.3,42.7,15,58,False,8.979999999999995,4.60510586197533,11.993333333333334
7.1,55.7,42.7,15,59,False,8.899999999999995,4.640581860068794,11.889999999999999
6.8,55.9,42.7,16,0,False,8.739999999999998,4.70988322572859,11.725806451612904
10.4,55.9,42.7,16,1,False,7.679999999999997,3.0589213785253655,11.5
7.5,55.9,42.7,16,2,False,8.519999999999998,1.9201562436425694,11.213333333333335
11.2,57.8,42.7,16,3,False,8.599999999999998,2.043281674170143,11.383333333333333
6.3,57.6,42.7,16,4,False,8.439999999999996,2.2142718893576596,11.280000000000001
6.4,57.8,42.7,16,5,False,8.359999999999998,2.2941229260873395,11.213333333333333
7.8,57.8,42.7,16,6,False,7.839999999999998,1.990728509867562,11.203333333333335
6.5,58.2,42.7,16,7,False,7.639999999999998,2.0815859338493614,11.066666666666666
17.5,58.0,42.7,16,8,False,8.899999999999997,4.846132478585326,10.903333333333334
8.8,57.5,42.7,16,9,False,9.399999999999997,4.635191473930669,10.353333333333333
5.1,57.8,42.7,16,10,False,9.139999999999997,4.875756351582753,10.183870967741935
11.4,58.1,42.7,16,11,False,9.859999999999996,4.894180217360163,10.693333333333333
20.3,57.8,42.7,16,12,False,12.619999999999997,6.233538321050063,10.746666666666666
7.1,57.7,42.7,16,13,False,10.539999999999997,5.925622330186053,10.883333333333333
7.3,57.5,42.7,16,14,False,10.239999999999998,6.07190250251102,10.893333333333334
6.3,58.4,42.7,16,15,False,10.479999999999999,5.837122578805382,11.003333333333334
37.0,58.5,42.7,16,16,False,15.599999999999998,13.301127771734235,11.396666666666668
14.1,58.6,42.7,16,17,False,14.359999999999996,13.039861962459561,11.383333333333333
14.1,58.4,42.7,16,18,False,15.76,12.426906292396339,11.48
2.8,57.6,42.7,16,19,False,14.859999999999996,13.323400466847783,11.403333333333334
3.5,58.7,42.7,16,20,False,14.299999999999997,13.822626378514313,11.086666666666668
5.1,58.8,42.7,16,21,False,7.919999999999997,5.702806326713159,10.616666666666667
10.2,58.9,42.7,16,22,False,7.139999999999996,4.849020519651326,10.33
15.5,60.3,42.7,16,23,False,7.419999999999996,5.364419819514467,10.033333333333333
6.0,58.3,42.7,16,24,False,8.059999999999997,4.840764402447163,9.983333333333333
3.0,58.6,42.7,16,25,False,7.959999999999996,4.962156789139137,9.83
20.9,58.5,42.7,16,26,False,11.119999999999996,7.2081204207476794,10.003333333333334
15.1,58.8,42.7,16,27,False,12.099999999999996,7.3827501650807426,10.396666666666667
11.2,59.2,42.7,16,28,False,11.239999999999998,7.133932996601503,10.41
13.1,59.4,42.7,16,29,False,12.659999999999997,6.509454662258564,10.496774193548386
16.0,59.4,42.7,16,30,False,15.259999999999996,3.6582782835645284,10.916666666666666
1.5,58.4,42.7,16,31,False,11.379999999999995,5.826405409856038,10.62
16.1,58.3,42.7,16,32,False,11.579999999999998,6.000583304979585,10.906666666666666
6.6,59.7,42.7,16,33,False,10.659999999999997,6.411941983517918,10.753333333333332
8.5,59.9,42.7,16,34,False,9.739999999999998,6.303411774586813,10.826666666666664
4.5,59.7,42.7,16,35,False,7.439999999999998,5.494360745346049,10.763333333333332
12.9,60.0,42.7,16,36,False,9.719999999999999,4.724616386543956,10.933333333333334
11.5,54.9,42.7,16,37,False,8.799999999999997,3.4467375879227644,11.1
31.8,49.1,42.7,16,38,False,13.839999999999998,10.543623665514612,11.576666666666666
13.1,47.6,42.7,16,39,False,14.759999999999996,10.15470334377129,11.625806451612902
18.0,42.7,42.7,16,40,False,17.459999999999997,8.385284729810902,12.15
3.3,32.0,42.7,16,41,False,15.539999999999997,10.518222283256797,11.879999999999999
3.5,32.7,42.7,16,42,False,13.939999999999998,11.81494815900602,11.32
15.2,33.1,42.7,16,43,False,10.619999999999997,6.816670741645048,11.59
11.7,38.3,42.7,16,44,False,10.339999999999998,6.717365555037156,11.736666666666666
1.3,19.7,42.7,16,45,False,6.999999999999997,6.077828559609059,11.569999999999999
3.0,19.8,42.7,16,46,False,6.939999999999996,6.124785710537106,10.436666666666666
5.8,40.3,42.7,16,47,False,7.399999999999997,5.883451368032164,10.16
3.3,19.4,42.7,16,48,False,5.019999999999997,4.0653413140841534,9.938709677419356
19.0,24.7,42.7,16,49,False,6.479999999999997,7.181016641117017,10.34
10.6,25.0,42.6,16,50,False,8.339999999999996,6.691636571123657,10.576666666666664
2.7,19.6,42.6,16,51,False,8.279999999999998,6.752555071970874,10.496666666666666
1.3,19.6,42.6,16,52,False,7.379999999999997,7.431487065184164,10.2
38.0,9.8,42.6,16,53,False,14.319999999999997,15.00856422180349,10.95
4.5,17.4,42.6,21,13,False,11.419999999999996,15.276681576834665,4.5
2.2,17.2,42.6,21,14,False,9.739999999999998,15.840864875378479,3.35
4.2,17.2,42.6,21,15,False,10.039999999999996,15.687670317800526,3.6333333333333333
10.0,17.4,42.6,21,16,False,11.779999999999998,14.940615783828981,5.225
2.3,22.2,42.6,21,17,False,4.639999999999997,3.1769482211706643,4.64
2.3,21.9,42.6,21,18,False,4.1999999999999975,3.348880409927986,4.25
1.3,21.6,42.6,21,19,False,4.019999999999998,3.5038550198316467,3.8285714285714287
1.3,21.5,42.6,21,20,False,3.439999999999997,3.7010809231897928,3.5125
2.5,21.6,42.6,21,21,False,1.939999999999997,0.5899152481495611,3.4000000000000004
3.5,21.5,42.6,21,22,False,2.179999999999997,0.923038460736803,3.41
2.0,22.0,42.6,21,23,False,2.1199999999999974,0.9230384607368017,3.2818181818181817
1.8,22.0,42.6,21,24,False,2.219999999999997,0.8348652585892934,3.158333333333333
1.3,22.0,42.6,21,25,False,2.219999999999997,0.8348652585892934,3.0153846153846158
1.5,22.2,42.6,21,26,False,2.019999999999997,0.870057469365881,2.9071428571428575
4.0,25.7,42.6,21,27,False,2.119999999999997,1.0848963084089487,2.98
3.8,25.6,42.6,21,28,False,2.479999999999997,1.3103434664237374,3.03125
11.8,26.0,42.6,21,29,False,4.479999999999997,4.279836445473057,3.5470588235294116
5.0,26.2,42.6,21,30,False,5.219999999999997,3.8951251584511986,3.6277777777777778
3.3,25.3,42.6,21,31,False,5.5799999999999965,3.5315718879840867,3.6105263157894734
4.1,27.7,42.6,21,32,False,5.599999999999997,3.520653348456716,3.6350000000000002
3.3,27.0,42.6,21,33,False,5.499999999999997,3.590960874195023,3.619047619047619
36.2,27.9,42.6,21,34,False,10.379999999999999,14.450847725998626,5.1000000000000005
3.5,27.2,42.6,21,35,False,10.079999999999998,14.605204551802746,5.030434782608696
4.5,27.2,42.6,21,36,False,10.319999999999999,14.475220205578902,5.008333333333334
2.0,28.0,42.6,21,37,False,9.899999999999999,14.729052922710261,4.888
2.0,27.9,42.6,21,38,False,9.639999999999997,14.88532834706711,4.776923076923077
3.3,26.5,42.6,21,39,False,3.0599999999999974,1.0691117808720496,4.722222222222222
1.8,27.7,42.6,21,40,False,2.719999999999997,1.1606032913960704,4.617857142857143
2.0,27.7,42.6,21,41,False,2.219999999999997,0.6099180272785624,4.527586206896552
2.3,25.8,42.6,21,42,False,2.2799999999999967,0.5974947698510635,4.453333333333333
1.5,25.6,42.6,21,43,False,2.179999999999997,0.6906518659928254,4.358064516129032
36.8,26.8,42.6,21,44,False,8.879999999999997,15.610477250872236,5.506666666666667
11.8,26.6,42.6,21,45,False,10.879999999999999,15.109169401393304,5.76
4.5,25.6,42.6,21,46,False,11.379999999999999,14.779614338676085,5.576666666666666
7.6,25.8,42.6,21,47,False,12.439999999999996,14.141888134191975,5.753333333333334
12.4,26.9,42.6,21,48,False,14.619999999999996,12.811401172393278,5.967741935483871
1.8,25.9,42.6,21,49,False,7.619999999999997,4.5806113129144315,6.1066666666666665
29.4,28.5,42.6,21,50,False,11.139999999999997,10.941572099108965,7.043333333333334
30.0,29.3,42.6,21,51,False,16.24,12.849435785278665,7.96
5.5,28.0,42.6,21,52,False,15.819999999999999,13.231099727535875,8.026666666666667
2.0,27.5,42.6,21,53,False,13.739999999999998,14.645067429001474,8.026666666666667
3.3,27.6,42.6,21,54,False,14.039999999999997,14.351759474015715,8.076666666666666
8.6,27.8,42.6,21,55,False,9.879999999999995,11.522022391924072,8.32
10.5,27.4,42.6,21,56,False,5.979999999999997,3.554855833926266,8.620000000000001
2.3,27.4,42.6,21,57,False,5.339999999999997,3.9310303992718736,8.563333333333334
1.5,27.4,42.6,21,58,False,5.239999999999997,4.042029193363104,8.335483870967742
4.6,27.7,42.6,21,59,False,5.4999999999999964,3.9261940858800637,8.246666666666666
2.5,27.1,42.6,22,0,False,4.279999999999997,3.660874212534425,8.163333333333332
1.5,27.2,42.6,22,1,False,2.479999999999997,1.2696456198481054,8.103333333333333
6.3,27.5,42.6,22,2,False,3.2799999999999967,2.109976303184353,8.176666666666668
7.3,27.5,42.6,22,3,False,4.439999999999997,2.4531612258470807,8.309999999999999
14.6,28.3,42.6,22,4,False,6.439999999999998,5.178609852074167,7.59
22.1,28.8,42.6,22,5,False,10.359999999999996,8.064614063921457,8.209999999999999
32.2,33.9,42.6,22,6,False,16.499999999999996,10.841356003747872,9.133333333333333
1.2,26.9,42.6,22,7,False,15.479999999999999,12.196187929021102,8.87741935483871
2.5,28.8,42.6,22,8,False,14.52,13.152452242832892,9.123333333333333
3.5,29.4,42.6,22,10,False,12.299999999999997,14.042257653240803,9.382758620689653
1.5,27.8,42.6,22,11,False,8.179999999999998,13.457971615366104,9.36551724137931
10.0,28.8,42.7,22,12,False,3.739999999999997,3.61427724448465,9.631034482758619
3.8,28.6,42.7,22,13,False,4.259999999999997,3.3336166546259594,9.710344827586205
1.3,28.3,42.7,22,14,False,4.019999999999998,3.5294475488381414,8.486206896551725
2.3,28.2,42.7,22,15,False,3.7799999999999967,3.6134471076798063,8.158620689655173
7.1,28.9,42.7,22,16,False,4.899999999999997,3.5979160635011476,8.123333333333333
2.5,28.6,42.7,22,17,False,3.3999999999999972,2.251666049839439,8.072413793103449
9.5,29.5,42.7,22,18,False,4.539999999999997,3.5648281866030485,7.972413793103449
17.6,29.4,42.7,22,19,False,7.799999999999997,6.280127387243009,8.517241379310345
18.5,32.3,42.7,22,20,False,11.039999999999997,6.883167875331807,8.141379310344828
2.0,23.1,42.7,22,21,False,10.019999999999998,7.913722259468028,7.175862068965517
6.1,22.3,42.7,22,22,False,10.739999999999998,7.189088954798082,7.19655172413793
9.1,24.4,42.7,22,23,False,10.659999999999997,7.208536605997072,7.441379310344828
6.1,23.8,42.7,22,24,False,8.359999999999996,6.205481447881358,7.3966666666666665
6.8,23.1,42.7,22,25,False,6.019999999999997,2.5626158510396446,7.475862068965517
6.9,23.1,42.7,22,26,False,6.999999999999997,1.232882800593661,7.351724137931035
45.5,24.1,42.7,22,27,False,14.879999999999995,17.154066573264775,8.841379310344827
42.4,24.0,42.6,22,28,False,21.54,20.489094660330895,10.251724137931035
19.1,23.2,42.6,22,29,False,24.139999999999997,18.794759908016918,10.751724137931033
3.3,17.6,42.6,22,30,False,23.439999999999998,19.64784975512588,10.779310344827586
1.5,17.5,42.6,22,31,False,22.36,20.89325249931183,10.779310344827586
3.0,18.0,42.6,22,32,False,13.859999999999996,17.494370523113993,10.66551724137931
33.8,18.3,42.6,22,33,False,12.139999999999997,14.075617215596612,11.436666666666667
2.8,18.0,42.6,22,34,False,8.879999999999995,13.947652132169042,11.172413793103448
4.0,18.0,42.6,22,35,False,9.019999999999996,13.880994200704777,10.548275862068966
5.8,18.1,42.6,22,36,False,9.879999999999997,13.424306313549303,9.637931034482758
7.3,18.1,42.6,22,37,False,10.739999999999997,13.004537669598243,9.848275862068965
0.8,9.2,42.6,14,27,True,4.139999999999997,2.5353500744472277,0.8
2.5,22.1,42.6,14,28,True,4.0799999999999965,2.5781776509774423,1.65
2.3,22.5,42.6,14,29,True,3.739999999999997,2.7005554984113087,1.8666666666666665
65.6,35.6,42.7,14,30,True,15.699999999999998,28.001696377184004,17.799999999999997
50.3,32.4,42.7,14,31,True,24.299999999999997,31.19767619551174,24.299999999999997
3.0,23.5,42.7,14,32,True,24.74,30.79631471458882,20.749999999999996
33.8,25.0,42.7,14,33,True,31.0,28.218699473930403,22.61428571428571
6.0,44.0,42.6,14,34,True,31.74,27.311865553271897,20.537499999999998
20.5,43.1,42.6,14,35,True,22.719999999999995,19.728076439430176,20.53333333333333
45.3,51.9,42.6,14,36,True,21.719999999999995,18.03460562363369,23.009999999999998
1.8,53.1,42.6,14,37,True,21.479999999999997,18.351212494001587,21.08181818181818
1.5,52.7,42.6,14,38,True,15.019999999999996,18.61335542023522,19.45
6.3,52.9,42.6,14,39,True,15.079999999999995,18.577459460324487,18.43846153846154
20.6,55.8,42.6,14,40,True,15.099999999999998,18.584805621797603,18.592857142857138
3.3,56.0,42.6,14,41,True,6.6999999999999975,7.999687493896227,17.57333333333333
7.4,56.5,42.6,14,42,True,7.819999999999998,7.519773932772162,16.9375
9.5,56.5,42.6,14,43,True,9.419999999999998,6.638297974631731,16.5
2.3,56.6,42.6,14,44,True,8.619999999999997,7.314847913661618,15.711111111111109
9.6,57.4,42.6,14,45,True,6.419999999999997,3.437586362551443,15.389473684210525
29.5,59.2,42.6,14,46,True,11.659999999999997,10.40350902340166,16.095
8.1,57.3,42.6,14,47,True,11.799999999999997,10.33634364753803,15.714285714285714
6.9,57.6,42.6,14,48,True,11.279999999999998,10.544287552983358,15.313636363636363
9.7,57.6,42.6,14,49,True,12.759999999999998,9.429103881069496,15.069565217391302
5.7,56.5,42.6,14,50,True,11.979999999999999,9.905150175539985,14.679166666666665
5.8,57.1,42.6,14,51,True,7.2399999999999975,1.6846364592990652,14.323999999999998
3.8,56.8,42.6,14,52,True,6.379999999999997,2.164948036327818,13.919230769230769
2.8,56.1,42.6,14,53,True,5.559999999999998,2.6425366601051454,13.507407407407406
15.9,58.8,42.7,14,54,True,6.799999999999997,5.244520950477716,13.592857142857142
17.5,57.0,42.7,14,55,True,9.159999999999998,6.990207436120887,13.72758620689655
4.8,56.7,42.7,14,56,True,8.959999999999997,7.123412103760369,13.43
2.5,57.1,42.7,14,57,True,8.699999999999998,7.378007861204793,13.486666666666666
6.7,57.0,42.7,14,58,True,9.479999999999999,6.780265481527972,13.626666666666665
8.4,56.8,42.7,14,59,True,7.979999999999999,5.757343137246529,13.83
13.9,57.3,42.7,15,0,True,7.259999999999998,4.313119520718119,13.832258064516127
9.4,57.3,42.7,15,1,True,8.179999999999998,4.144514446832067,10.743333333333332
27.1,57.7,42.7,15,2,True,13.1,8.267103483082805,11.546666666666665
7.3,57.6,42.7,15,3,True,13.219999999999999,8.154569271273612,10.663333333333334
14.9,57.0,42.7,15,4,True,14.52,7.699480501955952,10.959999999999999
21.0,57.3,42.7,15,5,True,15.939999999999998,8.195303533121876,10.976666666666665
27.3,58.3,42.7,15,6,True,19.52,8.527133164200027,10.376666666666667
1.3,58.4,42.7,15,7,True,14.36,10.395094997160914,10.360000000000001
1.5,58.4,42.7,15,8,True,13.2,11.630133275246669,10.360000000000001
10.3,58.9,42.7,15,9,True,12.279999999999998,11.643968395697396,10.493333333333334
17.2,59.0,42.7,15,10,True,11.52,11.04092387438659,10.38
2.5,58.9,42.7,15,11,True,6.56,7.016979407123814,10.353333333333333
14.4,58.6,42.7,15,12,True,9.179999999999998,7.00763868931609,10.586666666666666
35.1,59.0,42.7,15,13,True,15.9,12.077872329181158,11.44
4.5,58.9,42.7,15,14,True,14.739999999999998,12.993960135385972,11.513333333333334
5.3,58.0,42.7,15,15,True,12.359999999999998,13.510292372854105,11.312903225806453
2.8,57.9,42.7,15,16,True,12.419999999999998,13.456113852074818,10.48
10.9,58.1,42.7,15,17,True,11.719999999999999,13.41834565063815,10.573333333333332
9.3,58.0,42.7,15,18,True,6.56,3.4026460291954588,10.653333333333334
3.0,57.8,42.7,15,19,True,6.259999999999999,3.6841552627433622,10.430000000000001
3.0,57.7,42.7,15,20,True,5.799999999999999,3.96673669405969,10.340000000000002
12.6,57.8,42.7,15,21,True,7.76,4.4992221549952,10.566666666666666
6.4,58.4,42.7,15,22,True,6.859999999999999,4.150662597706495,10.653333333333334
7.7,59.1,42.7,15,23,True,6.539999999999999,3.973411632338087,10.816666666666666
7.4,58.5,42.7,15,24,True,7.419999999999999,3.4455768747772333,10.706451612903225
2.8,58.9,42.7,15,25,True,7.379999999999998,3.5102706448363272,10.043333333333333
13.6,59.1,42.7,15,26,True,7.579999999999998,3.8899871465082825,10.336666666666668
7.4,59.4,42.7,15,27,True,7.7799999999999985,3.839531221386233,10.5
11.1,60.0,42.7,15,28,True,8.459999999999999,4.113149644736947,10.646666666666668
4.0,59.4,42.7,15,29,True,7.7799999999999985,4.586065852122019,10.5
14.7,59.3,42.7,15,30,True,10.159999999999998,4.4410584324009665,10.526666666666667
10.1,59.4,42.7,15,31,True,9.459999999999997,4.019079496601145,10.550000000000002
18.2,59.4,42.7,15,32,True,11.619999999999997,5.325129106416084,10.796774193548389
6.8,59.9,42.7,15,33,True,10.759999999999996,5.759600680602757,10.236666666666668
2.0,58.6,42.7,15,34,True,10.359999999999996,6.382240985735319,9.806666666666668
9.3,59.6,42.7,15,35,True,9.279999999999998,5.903134760447173,9.416666666666666
2.8,60.0,42.7,15,36,True,7.819999999999998,6.5201226982319636,8.6
6.6,60.0,42.7,15,37,True,5.499999999999998,3.036445290137729,8.776666666666667
10.2,60.2,42.7,15,38,True,6.179999999999998,3.7070203668174817,9.066666666666666
12.4,59.6,42.7,15,39,True,8.259999999999998,3.692966287417159,9.136666666666665
5.0,61.9,42.7,15,40,True,7.399999999999999,3.8858718455450445,8.729999999999999
15.6,64.2,42.8,15,41,True,9.959999999999999,4.292784644027664,8.951612903225806
7.5,64.2,42.8,15,42,True,10.139999999999997,4.132553689911327,8.936666666666667
5.8,62.7,42.8,15,43,True,9.259999999999998,4.562674654191301,7.959999999999999
3.0,63.0,42.8,15,44,True,7.379999999999998,4.871550061325416,7.909999999999999
8.2,62.1,42.8,15,45,True,8.02,4.687429999477291,8.006666666666666
14.0,63.1,42.8,15,46,True,7.699999999999998,4.052159917870921,8.38
19.4,63.6,42.8,15,47,True,10.079999999999998,6.5993939115648885,8.663333333333332
4.0,60.5,42.8,15,48,True,9.719999999999999,6.931954991198349,8.486666666666666
8.8,60.7,42.8,15,49,True,10.879999999999999,5.940707028628809,8.68
7.8,60.9,42.8,15,50,True,10.799999999999999,5.988321968631925,8.651612903225805
8.3,61.0,42.8,15,51,True,9.66,5.765240671472416,8.696666666666665
3.3,60.9,42.8,15,52,True,6.4399999999999995,2.583215051055493,8.593333333333334
7.6,61.2,42.8,15,53,True,7.159999999999999,2.207487259306303,8.59
29.5,61.6,42.8,15,54,True,11.299999999999999,10.370390542308412,9.326666666666666
11.6,60.9,42.8,15,55,True,12.059999999999999,10.18739417122945,9.62
5.1,61.0,42.8,15,56,True,11.419999999999998,10.575774203338485,9.336666666666668
10.9,61.1,42.8,15,57,True,12.939999999999998,9.619927234652026,9.453333333333331
5.1,61.4,42.8,15,58,True,12.439999999999998,10.023372685877732,9.253333333333334
14.1,62.6,42.8,15,59,True,9.359999999999998,4.066693988979218,9.59
2.0,62.6,42.8,16,0,True,7.439999999999998,4.921178720591201,9.166666666666666
6.3,61.8,42.8,16,1,True,7.68,4.80645399437045,9.04
4.3,61.8,42.8,16,2,True,6.359999999999998,4.603042472104686,8.576666666666666
17.3,63.0,42.8,16,3,True,8.799999999999999,6.577993615077449,8.926666666666668
10.2,62.6,42.8,16,4,True,8.02,5.998083027101214,9.2
7.1,61.1,42.8,16,5,True,9.039999999999997,5.082125539574922,9.126666666666667
13.0,60.6,42.8,16,6,True,10.379999999999999,5.062311724894046,9.251612903225807
6.3,60.4,42.8,16,7,True,10.78,4.510764901876371,9.456666666666667
8.8,60.4,42.8,16,8,True,9.079999999999998,2.6621419947102174,9.41
11.6,60.6,42.8,16,9,True,9.359999999999998,2.874543442009479,9.383333333333333
6.9,60.5,42.8,16,10,True,9.319999999999999,2.9149614062624742,9.446666666666665
13.0,59.9,42.8,16,11,True,9.319999999999999,2.9149614062624742,9.360000000000001
8.7,60.0,42.8,16,12,True,9.799999999999997,2.4545875417266574,9.4
5.1,59.9,42.8,16,13,True,9.059999999999999,3.2577599666027726,9.376666666666667
16.6,60.0,42.8,16,14,True,10.059999999999999,4.686469886812432,9.830000000000002
37.0,58.3,42.8,16,15,True,16.08,12.474253484677945,10.706451612903226
19.2,30.3,42.8,16,16,True,17.32,12.399475795371346,10.963333333333335
4.8,18.0,42.8,16,17,True,16.54,13.175659376289289,10.476666666666667
2.5,17.9,42.8,16,18,True,16.02,13.777590500519306,10.426666666666668
1.5,17.8,42.8,16,19,True,12.999999999999996,15.200164472794356,10.183333333333334
2.5,17.9,42.8,16,20,True,6.099999999999999,7.422600622423352,10.006666666666668
57.8,22.3,42.8,16,21,True,13.819999999999999,24.615381370192086,11.656666666666666
14.4,23.9,42.8,16,22,True,15.74,24.10504096656962,12.026666666666667
0.7,9.9,42.8,18,44,True,15.379999999999999,24.364256606759003,0.7
94.0,41.7,42.8,18,45,True,33.879999999999995,40.77887933722555,47.35
1.5,36.4,42.8,18,46,True,33.67999999999999,40.97324736947269,32.06666666666667
8.6,47.0,42.8,18,47,True,23.839999999999996,39.61796309756472,26.2
5.3,50.7,42.8,18,48,True,22.02,40.36207378220301,22.020000000000003
8.6,50.3,42.8,18,49,True,23.6,39.463464115558835,19.783333333333335
3.8,59.0,42.8,18,50,True,5.5600000000000005,3.087555667514324,17.5
3.0,57.4,42.8,18,51,True,5.86,2.634008352302594,15.6875
9.2,59.0,42.8,18,52,True,5.98,2.7985710639538577,14.966666666666665
19.2,58.2,42.8,18,53,True,8.76,6.461269225160012,15.39
13.6,57.9,42.8,18,54,True,9.76,6.8079365449451625,15.227272727272727
7.3,58.1,42.8,18,55,True,10.46,6.194190826895784,14.566666666666668
8.9,58.5,42.8,18,56,True,11.64,4.82938919533308,14.13076923076923
7.6,58.8,42.8,18,57,True,11.32,5.078090192188387,13.664285714285715
5.1,58.7,42.8,18,58,True,8.5,3.1614869919074255,13.093333333333334
9.7,57.8,42.8,18,59,True,7.720000000000001,1.7584083712266192,12.88125
21.8,59.4,42.8,19,0,True,10.620000000000001,6.48822009491046,13.405882352941177
4.8,59.5,42.8,19,1,True,9.8,6.998928489418926,12.927777777777777
50.5,59.0,42.8,19,2,True,18.380000000000003,19.232186563155008,14.905263157894737
2.5,57.6,42.8,19,3,True,17.860000000000003,19.710225772425844,14.285
2.0,57.8,42.8,19,4,True,16.32,20.779003825977796,13.7
17.2,57.9,42.8,19,5,True,15.4,20.57656433907274,13.859090909090908
3.2,58.0,42.8,19,6,True,15.080000000000002,20.793917379849326,13.395652173913044
2.0,57.5,42.8,19,7,True,5.38,6.625858434950131,12.920833333333334
12.2,57.6,42.8,19,8,True,7.3199999999999985,6.98226324339034,12.892000000000001
17.3,58.1,42.8,19,9,True,10.379999999999999,7.4075637020548,13.061538461538463
20.7,58.2,42.8,19,10,True,11.080000000000002,8.322079067156224,13.344444444444445
13.8,58.2,42.8,19,11,True,13.2,7.0685925048767535,13.360714285714286
22.1,44.3,42.8,19,12,True,17.22,4.266966135323767,13.662068965517241
2.8,32.8,42.8,19,13,True,15.34,7.71187396162566,13.3
1.2,9.1,42.8,19,50,True,12.120000000000001,9.774303044207286,1.2
10.7,16.8,42.8,19,53,True,10.120000000000001,8.522734303027393,5.949999999999999
2.3,17.2,42.8,19,54,True,7.82,8.827627087728604,4.733333333333333
2.3,17.2,42.8,19,55,True,3.8599999999999994,3.8682037174895227,4.125
19.1,22.7,42.8,19,56,True,7.119999999999999,7.711160742715703,7.12
16.0,22.4,42.8,19,57,True,10.080000000000002,7.7111607427157045,8.6
24.2,22.4,42.8,19,58,True,12.78,10.004848824445068,10.828571428571427
2.0,22.9,42.8,19,59,True,12.72,10.083997223323687,9.725
3.5,21.9,42.8,20,0,True,12.959999999999999,9.783813162566007,9.033333333333333
13.4,16.6,42.8,20,1,True,11.819999999999999,9.204455442881986,9.47
3.5,16.7,42.8,20,2,True,9.319999999999999,9.478765742437135,8.927272727272728
0.0,9.0,42.8,16,46,True,4.4799999999999995,5.189123240008831,0.0
0.3,9.3,42.8,16,47,True,4.139999999999999,5.4417827961064145,0.15
1.5,15.9,42.8,16,53,True,3.7399999999999993,5.572521870751136,0.6
2.3,15.8,42.8,16,54,True,1.5199999999999991,1.4429137188341212,1.025
1.8,15.7,42.8,16,55,True,1.1799999999999993,0.9884331034519781,1.18
0.3,15.7,42.8,16,59,True,1.239999999999999,0.9044335243674405,1.0333333333333332
0.5,15.7,42.8,16,59,True,1.2799999999999994,0.8555699854481281,0.9571428571428571
0.8,15.6,42.8,16,59,True,1.1399999999999992,0.8677557259964974,0.9375
0.5,15.7,42.8,16,59,True,0.7799999999999994,0.5974947698513383,0.8888888888888888
1.7,17.3,42.8,17,0,True,0.7599999999999993,0.5549774770201971,0.97
22.1,30.7,42.8,17,1,True,5.119999999999999,9.504840871892585,2.890909090909091
17.0,32.1,42.8,17,2,True,8.419999999999998,10.328455838120227,4.066666666666666
10.0,39.4,42.8,17,3,True,10.26,9.410260357715924,4.523076923076923
15.5,39.8,42.8,17,4,True,13.26,7.768719328177577,5.307142857142857
8.5,40.3,42.8,17,5,True,14.62,5.5042710689063865,5.52
9.6,40.2,42.8,17,6,True,12.12,3.8466868861397883,5.775
4.0,40.7,42.8,17,7,True,9.52,4.108162606324121,5.670588235294118
4.1,41.1,42.8,17,8,True,8.34,4.7352930215562985,5.583333333333333
10.8,45.6,42.8,17,9,True,7.4,3.164648479689296,5.8578947368421055
2.0,41.8,42.8,17,10,True,6.1,3.858756276314917,5.665
15.5,42.0,42.8,17,11,True,7.279999999999999,5.67247741291226,6.133333333333334
4.0,47.0,42.8,17,12,True,7.279999999999999,5.67247741291226,6.036363636363637
19.5,44.5,42.8,17,13,True,10.36,7.424486514231122,6.621739130434783
25.6,45.7,42.8,17,14,True,13.319999999999999,10.108758578579263,7.4125000000000005
3.0,43.8,42.8,17,15,True,13.52,9.834988561254143,7.236000000000001
24.9,47.4,42.8,17,16,True,15.4,11.122274947149968,7.915384615384616
20.9,44.2,42.8,17,17,True,18.78,9.192224975488791,8.71923076923077
7.8,43.7,42.8,17,18,True,16.44,10.376078257222227,9.007692307692308
2.8,44.5,42.8,17,19,True,11.879999999999999,10.35408132090915,8.777777777777779
8.5,46.6,42.8,17,20,True,12.979999999999999,9.425338190218948,8.767857142857142
11.3,47.5,42.8,17,21,True,10.26,6.691262960009849,8.855172413793104
12.6,46.9,42.8,17,22,True,8.6,3.7940743271580426,8.979999999999999
10.3,45.2,42.8,17,23,True,9.1,3.8268786236304595,9.02258064516129
8.4,46.3,42.8,17,24,True,10.219999999999999,1.8102486017118686,9.476666666666665
21.3,46.0,42.8,17,25,True,12.78,5.003698632012105,10.126666666666667
15.6,46.1,42.8,17,26,True,13.64,5.054997527200168,10.303225806451614
7.8,44.6,42.8,17,27,True,12.68,5.71463034675033,10.225000000000001
7.8,43.3,42.8,17,28,True,12.179999999999998,6.073055244273659,10.151515151515152
